,chatgpt-3.5,chatgpt-4o,claude-3-opus,claude-3.5-sonnet
chatgpt-3.5,x,0.24292487879587876,0.4377620157193832,0.33102592714107504
chatgpt-4o,x,x,0.15479643700585266,0.5450748021006047
claude-3-opus,x,x,x,0.18139902708787448
