,chatgpt-3.5,chatgpt-4o,claude-3-opus,claude-3.5-sonnet
chatgpt-3.5,x,0.019971893612117042,0.14261094355881088,0.0228633600676984
chatgpt-4o,x,x,0.11793502447708049,0.7169380177092259
claude-3-opus,x,x,x,0.15081405312767782
