,chatgpt-3.5,chatgpt-4o,claude-3-opus,claude-3.5-sonnet
chatgpt-3.5,x,0.15896120441066341,0.2872743922857709,0.14179714735781979
chatgpt-4o,x,x,0.182662820707454,0.5262251262251263
claude-3-opus,x,x,x,0.182662820707454
