,chatgpt-3.5,chatgpt-4o,claude-3-opus,claude-3.5-sonnet
chatgpt-3.5,x,0.0034705833356469817,0.017892288423689506,0.0034344003895737663
chatgpt-4o,x,x,0.3187161760301679,0.2589222240900557
claude-3-opus,x,x,x,0.21722799574537666
