,chatgpt-3.5,chatgpt-4o,claude-3-opus,claude-3.5-sonnet
chatgpt-3.5,x,0.0013881417986847389,0.0038927029513765588,0.0013881417986847389
chatgpt-4o,x,x,0.24882499308819472,0.4917695473251028
claude-3-opus,x,x,x,0.24882499308819472
