,chatgpt-3.5,chatgpt-4o,claude-3-opus,claude-3.5-sonnet
chatgpt-3.5,x,0.52190509072774,0.5219299086014295,0.4885081058895957
chatgpt-4o,x,x,0.5789695945945946,0.6867538016840518
claude-3-opus,x,x,x,0.7180784215156466
