,chatgpt-3.5,chatgpt-4o,claude-3-opus,claude-3.5-sonnet
chatgpt-3.5,x,0.48755186721991706,0.4938775510204081,0.43529949702789206
chatgpt-4o,x,x,0.4938524590163934,0.6611796982167353
claude-3-opus,x,x,x,0.7980376124284546
