,chatgpt-3.5,chatgpt-4o,claude-3-opus,claude-3.5-sonnet
chatgpt-3.5,x,0.3638584401751137,0.5787820245057087,0.49379556855338247
chatgpt-4o,x,x,0.3824598323893105,0.7463707373627427
claude-3-opus,x,x,x,0.4363278356143019
