,chatgpt-3.5,chatgpt-4o,claude-3-opus,claude-3.5-sonnet
chatgpt-3.5,x,0.8462591808788746,0.8664152976030164,0.8171724648408586
chatgpt-4o,x,x,0.9026409144659047,0.7876182287188306
claude-3-opus,x,x,x,0.8825487398953875
