# Symptoms, # cases, Pct. Top Diagnosis Accurate, Pct. Top 3 Diagnosis Accurate, Pct. Top 5 Diagnosis Accurate
4, 3, 0.0, 100.0, 100.0
5, 13, 0.0, 84.61538461538461, 100.0
6, 32, 0.0, 93.75, 93.75
7, 40, 0.0, 92.5, 95.0
8, 53, 0.0, 98.11320754716981, 98.11320754716981
9, 51, 0.0, 94.11764705882352, 96.07843137254902
10, 26, 0.0, 100.0, 100.0
11, 18, 0.0, 100.0, 100.0
12, 10, 0.0, 100.0, 100.0
13, 3, 0.0, 100.0, 100.0
