# Symptoms, # cases, Pct. Top Diagnosis Accurate, Pct. Top 3 Diagnosis Accurate, Pct. Top 5 Diagnosis Accurate
4, 3, 0.0, 33.33333333333333, 66.66666666666666
5, 13, 0.0, 15.384615384615385, 61.53846153846154
6, 32, 0.0, 0.0, 15.625
7, 40, 0.0, 7.5, 17.5
8, 53, 0.0, 0.0, 15.09433962264151
9, 51, 0.0, 5.88235294117647, 27.450980392156865
10, 26, 0.0, 3.8461538461538463, 19.230769230769234
11, 18, 0.0, 0.0, 16.666666666666664
12, 10, 0.0, 0.0, 20.0
13, 3, 0.0, 0.0, 33.33333333333333
